review,rating,label
she is awesome.,4,Positive
"It is alright, quite standard and unremarkable. decent speaker but nothing impressive to write home about.",3,Neutral
pretty,5,Positive
fine,3,Neutral
she is very good.,4,Positive
it is useless.,2,Negative
she is good.,4,Positive
she is waste of money.,1,Negative
she is stupid.,2,Negative
"Arrived on time, works exactly as described.",3,Neutral
beautiful,5,Positive
she is do not buy.,1,Negative
great,4,Positive
"Brilliant design, works like a charm.",4,Positive
it is bad.,1,Negative
she is gorgeous.,5,Positive
it is so pretty.,5,Positive
she is waste of money.,2,Negative
she is wonderful.,4,Positive
"Tolerable experience, meets expectations but does not stand out. not bad, not great either, strictly so-so.",3,Neutral
pretty,4,Positive
broken,1,Negative
Decent keyboard but nothing impressive to write home about.,3,Neutral
she is perfect.,5,Positive
great,4,Positive
it is ugly.,2,Negative
it is defective.,1,Negative
she is ugly.,2,Negative
she is mean.,2,Negative
it is rude.,1,Negative
"Mixed feelings, some parts are good while others are not.",3,Neutral
"Arrived on time, works exactly as described.",3,Neutral
"Nice game, very comfortable and lightweight. very durable and feels premium in hand.",5,Positive
she is ugly.,1,Negative
cute,5,Positive
rude,2,Negative
she is pretty.,5,Positive
it is five stars.,4,Positive
excellent,4,Positive
"Fair quality for the price, standard features.",3,Neutral
useless,1,Negative
she is love this.,4,Positive
"Brilliant design, works like a charm. absolutely love this book, highly recommend it.",4,Positive
charming,4,Positive
"Middle of the road, reasonable for what you pay. it is alright, quite standard and unremarkable.",3,Neutral
she is polite.,4,Positive
she is handsome.,5,Positive
she is mean.,2,Negative
it is very good.,5,Positive
average,3,Neutral
"Tastes awful, cold and stale, never ordering again. terrible quality, avoid at all costs.",2,Negative
she is foolish.,1,Negative
she is lovely.,4,Positive
it is trash.,2,Negative
"Tastes awful, cold and stale, never ordering again.",2,Negative
"Functions as advertised, nothing more nothing less.",3,Neutral
she is amazing.,4,Positive
Very happy and pleased with my purchase. she is very pretty and extremely kind.,5,Positive
cute,5,Positive
it is average.,3,Neutral
"Simply awesome, great experience overall. delicious and fresh, best in town.",4,Positive
"It works fine, ordinary build and expected performance.",3,Neutral
she is top quality.,4,Positive
handsome,5,Positive
"The game is okay, nothing special about it.",3,Neutral
foolish,2,Negative
not bad,3,Neutral
great,5,Positive
she is highly recommend.,4,Positive
"Average performance, neither impressed nor disappointed. the software is acceptable for basic everyday use.",3,Neutral
"Do not buy this, it does not work at all.",1,Negative
"Fantastic battery life, beautiful design and sturdy build.",4,Positive
it is polite.,4,Positive
hate it,1,Negative
disappointed,1,Negative
very bad,1,Negative
it is so so.,3,Neutral
fantastic,4,Positive
it is scam.,1,Negative
she is handsome.,4,Positive
acceptable,3,Neutral
worth it,4,Positive
awesome,5,Positive
she is fair.,3,Neutral
it is five stars.,4,Positive
"Absolutely love this software, highly recommend it. she is very pretty and extremely kind.",4,Positive
she is as expected.,3,Neutral
it is just okay.,3,Neutral
it is as expected.,3,Neutral
charming,5,Positive
loved it,5,Positive
"Average backpack, does the job as expected.",3,Neutral
bad,1,Negative
it is fine.,3,Neutral
it is foolish.,1,Negative
normal,3,Neutral
it is good.,4,Positive
average,3,Neutral
it is defective.,1,Negative
beautiful,5,Positive
it is mediocre.,3,Neutral
it is waste of money.,1,Negative
"Average laptop, does the job as expected.",3,Neutral
it is friendly.,5,Positive
awful,1,Negative
"It works fine, ordinary build and expected performance.",3,Neutral
horrible,2,Negative
it is okay.,3,Neutral
it is love this.,4,Positive
it is trash.,2,Negative
she is worst.,1,Negative
"It works fine, ordinary build and expected performance. fair quality for the price, standard features.",3,Neutral
"Great product, no complaints whatsoever. very happy and pleased with my purchase.",5,Positive
trash,1,Negative
she is bad.,2,Negative
it is gorgeous.,4,Positive
"Tastes awful, cold and stale, never ordering again. constantly crashes and full of bugs, unbearable.",2,Negative
smart,5,Positive
"Tolerable experience, meets expectations but does not stand out.",3,Neutral
fine,3,Neutral
horrible,1,Negative
"Arrived on time, works exactly as described. it works fine, ordinary build and expected performance.",3,Neutral
"Awful customer service and extremely slow delivery. worst backpack i have ever owned, total trash.",1,Negative
worst,2,Negative
she is awful.,2,Negative
she is very pretty.,5,Positive
best purchase,4,Positive
beautiful,4,Positive
"Worst meal i have ever owned, total trash.",1,Negative
"It works fine, ordinary build and expected performance.",3,Neutral
it is not bad.,3,Neutral
she is charming.,5,Positive
she is poor quality.,1,Negative
she is wonderful.,5,Positive
wonderful,5,Positive
it is decent.,3,Neutral
good,4,Positive
it is sweet.,5,Positive
she is useless.,2,Negative
it is amazing.,5,Positive
Works perfectly and the quality is great.,5,Positive
she is ugly.,2,Negative
loved it,4,Positive
just okay,3,Neutral
it is useless.,2,Negative
it is fine.,3,Neutral
she is stupid.,1,Negative
it is okay.,3,Neutral
she is awesome.,5,Positive
it is smart.,5,Positive
"Arrived on time, works exactly as described.",3,Neutral
she is poor quality.,2,Negative
"It works fine, ordinary build and expected performance. it works fine, ordinary build and expected performance.",3,Neutral
she is top quality.,4,Positive
it is decent.,3,Neutral
"Decent service but nothing impressive to write home about. tolerable experience, meets expectations but does not stand out.",3,Neutral
it is top quality.,4,Positive
"It is fine for the price, neither good nor bad. average performance, neither impressed nor disappointed.",3,Neutral
superb,4,Positive
it is kind.,5,Positive
The meal is acceptable for basic everyday use.,3,Neutral
she is fantastic.,4,Positive
"Average speaker, does the job as expected. functions as advertised, nothing more nothing less.",3,Neutral
mean,1,Negative
"Useless piece of garbage, request a refund.",2,Negative
she is defective.,1,Negative
she is best purchase.,5,Positive
she is wonderful.,4,Positive
beautiful,4,Positive
"It works fine, ordinary build and expected performance. decent game but nothing impressive to write home about.",3,Neutral
it is very pretty.,4,Positive
it is handsome.,4,Positive
"Not bad, not great either, strictly so-so.",3,Neutral
she is very good.,5,Positive
she is hate it.,2,Negative
it is excellent.,5,Positive
foolish,2,Negative
"Decent service but nothing impressive to write home about. average service, does the job as expected.",3,Neutral
she is decent.,3,Neutral
she is beautiful.,4,Positive
she is friendly.,5,Positive
"Bad quality, stopped charging after a week.",2,Negative
ugly,2,Negative
she is sweet.,4,Positive
it is perfect.,5,Positive
it is attractive.,4,Positive
perfect,5,Positive
it is loved it.,5,Positive
it is loved it.,5,Positive
useless,2,Negative
"Very poor build, feels like a scam. hate it, completely useless and misleading description.",1,Negative
very pretty,4,Positive
"Fantastic battery life, beautiful design and sturdy build.",5,Positive
mediocre,3,Neutral
rude,2,Negative
"Tastes awful, cold and stale, never ordering again.",2,Negative
she is fair.,3,Neutral
"Functions as advertised, nothing more nothing less. average performance, neither impressed nor disappointed.",3,Neutral
she is mediocre.,3,Neutral
she is acceptable.,3,Neutral
she is highly recommend.,4,Positive
it is acceptable.,3,Neutral
it is handsome.,4,Positive
it is sweet.,5,Positive
loved it,4,Positive
she is okay.,3,Neutral
it is not bad.,3,Neutral
"This charger exceeded all my expectations, truly wonderful.",5,Positive
it is decent.,3,Neutral
mean,1,Negative
she is annoying.,1,Negative
she is fantastic.,4,Positive
"Painfully slow, sluggish and completely unresponsive.",2,Negative
it is worth it.,5,Positive
"It is fine for the price, neither good nor bad. arrived on time, works exactly as described.",3,Neutral
bad,2,Negative
nice product,4,Positive
handsome,4,Positive
it is one star.,2,Negative
she is fair.,3,Neutral
it is scam.,2,Negative
kind,5,Positive
she is horrible.,2,Negative
"Fair quality for the price, standard features. decent jacket but nothing impressive to write home about.",3,Neutral
"Not bad, not great either, strictly so-so. it is fine for the price, neither good nor bad.",3,Neutral
stupid,1,Negative
it is nice product.,4,Positive
she is fantastic.,4,Positive
she is good.,5,Positive
it is five stars.,5,Positive
it is not bad.,3,Neutral
she is do not buy.,2,Negative
it is cute.,4,Positive
she is loved it.,4,Positive
it is highly recommend.,5,Positive
"Good quality, works well and arrived quickly. simply awesome, great experience overall.",5,Positive
it is so pretty.,5,Positive
gorgeous,4,Positive
"Amazing value, superb quality and super fast delivery. this game exceeded all my expectations, truly wonderful.",4,Positive
she is so so.,3,Neutral
"Terrible quality, avoid at all costs. fails to perform its basic function, very angry.",2,Negative
it is great.,4,Positive
useless,1,Negative
she is as expected.,3,Neutral
awful,2,Negative
she is friendly.,4,Positive
she is cute.,5,Positive
it is broken.,2,Negative
"Functions as advertised, nothing more nothing less.",3,Neutral
she is foolish.,1,Negative
"Fails to perform its basic function, very angry. very poor build, feels like a scam.",1,Negative
She is very pretty and extremely kind. impressive speed and crystal clear sound.,5,Positive
stupid,2,Negative
it is useless.,1,Negative
it is kind.,4,Positive
she is polite.,5,Positive
as expected,3,Neutral
it is average.,3,Neutral
it is do not buy.,1,Negative
it is so so.,3,Neutral
it is lovely.,4,Positive
"Defective unit, zero stars if i could.",1,Negative
"The service is okay, nothing special about it.",3,Neutral
"Middle of the road, reasonable for what you pay.",3,Neutral
friendly,5,Positive
poor quality,2,Negative
gorgeous,5,Positive
one star,2,Negative
"It is fine for the price, neither good nor bad.",3,Neutral
she is worst.,1,Negative
it is charming.,5,Positive
it is smart.,4,Positive
"Moderate quality, adequate for short-term use. mixed feelings, some parts are good while others are not.",3,Neutral
"Not bad, not great either, strictly so-so.",3,Neutral
she is terrible.,2,Negative
"Middle of the road, reasonable for what you pay.",3,Neutral
it is trash.,2,Negative
she is cheap junk.,2,Negative
it is cheap junk.,1,Negative
Very happy and pleased with my purchase. one of the best products i have ever bought.,5,Positive
it is acceptable.,3,Neutral
so so,3,Neutral
hate it,2,Negative
she is awesome.,4,Positive
it is beautiful.,4,Positive
fantastic,4,Positive
it is average.,3,Neutral
five stars,4,Positive
"Horrible experience, regret buying this junk. cheap flimsy plastic, fell apart immediately.",1,Negative
it is wonderful.,5,Positive
pretty,5,Positive
she is excellent.,4,Positive
she is top quality.,4,Positive
useless,1,Negative
she is average.,3,Neutral
"The service is okay, nothing special about it. tolerable experience, meets expectations but does not stand out.",3,Neutral
it is not bad.,3,Neutral
she is smart.,5,Positive
she is disappointed.,1,Negative
"Functions as advertised, nothing more nothing less. the monitor is acceptable for basic everyday use.",3,Neutral
she is scam.,1,Negative
she is so pretty.,5,Positive
she is so pretty.,4,Positive
one star,2,Negative
pretty,5,Positive
it is rude.,2,Negative
worth it,5,Positive
it is good.,4,Positive
she is amazing.,4,Positive
fine,3,Neutral
"It is alright, quite standard and unremarkable. fair quality for the price, standard features.",3,Neutral
"Very happy and pleased with my purchase. loved everything about it, solid five stars.",4,Positive
it is foolish.,2,Negative
handsome,5,Positive
it is top quality.,4,Positive
she is normal.,3,Neutral
"Moderate quality, adequate for short-term use. the coffee is okay, nothing special about it.",3,Neutral
very good,4,Positive
she is mediocre.,3,Neutral
"Functions as advertised, nothing more nothing less.",3,Neutral
she is ugly.,2,Negative
it is defective.,2,Negative
it is okay.,3,Neutral
she is decent.,3,Neutral
ok,3,Neutral
disappointed,2,Negative
it is best purchase.,5,Positive
fine,3,Neutral
kind,5,Positive
normal,3,Neutral
it is okay.,3,Neutral
rude,2,Negative
"Worst restaurant i have ever owned, total trash. cheap flimsy plastic, fell apart immediately.",2,Negative
The monitor is acceptable for basic everyday use.,3,Neutral
"Very poor build, feels like a scam.",1,Negative
it is trash.,2,Negative
"Average phone, does the job as expected.",3,Neutral
Impressive speed and crystal clear sound.,4,Positive
she is terrible.,1,Negative
she is love this.,5,Positive
"Terrible battery, stopped working after just two days.",1,Negative
lovely,5,Positive
best purchase,4,Positive
"The film is okay, nothing special about it. moderate quality, adequate for short-term use.",3,Neutral
she is five stars.,4,Positive
wonderful,4,Positive
as expected,3,Neutral
perfect,4,Positive
"Average food, does the job as expected.",3,Neutral
she is so pretty.,4,Positive
"Tastes awful, cold and stale, never ordering again.",1,Negative
"Moderate quality, adequate for short-term use.",3,Neutral
as expected,3,Neutral
it is mediocre.,3,Neutral
ok,3,Neutral
she is okay.,3,Neutral
"It is fine for the price, neither good nor bad.",3,Neutral
"Terrible bottle, stopped working after just two days.",2,Negative
she is annoying.,2,Negative
she is handsome.,4,Positive
"Fair quality for the price, standard features.",3,Neutral
she is amazing.,4,Positive
she is average.,3,Neutral
defective,2,Negative
it is scam.,1,Negative
"Tolerable experience, meets expectations but does not stand out.",3,Neutral
"It is fine for the price, neither good nor bad. fair quality for the price, standard features.",3,Neutral
not bad,3,Neutral
she is amazing.,5,Positive
waste of money,2,Negative
she is very bad.,1,Negative
it is mediocre.,3,Neutral
she is best purchase.,4,Positive
it is poor quality.,1,Negative
it is attractive.,5,Positive
she is attractive.,5,Positive
it is as expected.,3,Neutral
"Functions as advertised, nothing more nothing less. arrived on time, works exactly as described.",3,Neutral
it is wonderful.,4,Positive
it is bad.,1,Negative
"Mixed feelings, some parts are good while others are not. it works fine, ordinary build and expected performance.",3,Neutral
it is annoying.,2,Negative
Works perfectly and the quality is great. one of the best products i have ever bought.,5,Positive
she is mediocre.,3,Neutral
"Not bad, not great either, strictly so-so.",3,Neutral
just okay,3,Neutral
"Excellent backpack, totally worth every penny. such a pretty, lovely and wonderful person.",5,Positive
she is not bad.,3,Neutral
it is scam.,2,Negative
it is as expected.,3,Neutral
"Fair quality for the price, standard features. it is fine for the price, neither good nor bad.",3,Neutral
wonderful,4,Positive
so pretty,5,Positive
she is scam.,1,Negative
do not buy,1,Negative
it is cheap junk.,1,Negative
it is so so.,3,Neutral
ugly,2,Negative
"Average performance, neither impressed nor disappointed. middle of the road, reasonable for what you pay.",3,Neutral
"Hate it, completely useless and misleading description.",2,Negative
she is useless.,2,Negative
poor quality,1,Negative
cheap junk,2,Negative
"Tastes awful, cold and stale, never ordering again. broken on arrival, return process is a nightmare.",2,Negative
it is fantastic.,4,Positive
it is beautiful.,4,Positive
"Fair quality for the price, standard features. it works fine, ordinary build and expected performance.",3,Neutral
it is friendly.,5,Positive
it is smart.,4,Positive
she is bad.,2,Negative
it is five stars.,4,Positive
she is fantastic.,4,Positive
it is attractive.,5,Positive
it is top quality.,5,Positive
"Not bad, not great either, strictly so-so.",3,Neutral
she is annoying.,2,Negative
"Broken on arrival, return process is a nightmare.",2,Negative
friendly,4,Positive
The story is acceptable for basic everyday use.,3,Neutral
best purchase,5,Positive
it is one star.,2,Negative
she is mean.,2,Negative
it is excellent.,5,Positive
she is good.,5,Positive
it is friendly.,4,Positive
it is polite.,5,Positive
she is broken.,1,Negative
ok,3,Neutral
it is stupid.,1,Negative
she is awful.,1,Negative
it is cute.,4,Positive
it is hate it.,2,Negative
it is charming.,5,Positive
it is top quality.,4,Positive
she is ok.,3,Neutral
it is acceptable.,3,Neutral
it is love this.,4,Positive
mediocre,3,Neutral
awesome,4,Positive
she is cute.,4,Positive
she is handsome.,4,Positive
sweet,5,Positive
"Bad design, extremely uncomfortable and noisy.",2,Negative
kind,4,Positive
"Bad quality, stopped charging after a week.",2,Negative
she is trash.,1,Negative
it is pretty.,4,Positive
she is defective.,2,Negative
it is poor quality.,1,Negative
"It works fine, ordinary build and expected performance.",3,Neutral
"Not bad, not great either, strictly so-so.",3,Neutral
she is highly recommend.,4,Positive
love this,4,Positive
she is useless.,2,Negative
cute,4,Positive
"Arrived on time, works exactly as described.",3,Neutral
it is lovely.,5,Positive
"Good quality, works well and arrived quickly.",5,Positive
she is pretty.,5,Positive
she is bad.,2,Negative
she is pretty.,5,Positive
"Simply awesome, great experience overall.",5,Positive
sweet,5,Positive
top quality,4,Positive
it is perfect.,4,Positive
worth it,5,Positive
it is one star.,2,Negative
very good,5,Positive
"Average shoes, does the job as expected.",3,Neutral
she is useless.,2,Negative
rude,1,Negative
"Maam is pretty, smart and helpful. brilliant design, works like a charm.",4,Positive
superb,4,Positive
"It is alright, quite standard and unremarkable. average speaker, does the job as expected.",3,Neutral
"Broken on arrival, return process is a nightmare.",1,Negative
she is useless.,2,Negative
handsome,4,Positive
wonderful,4,Positive
"Very poor build, feels like a scam. broken on arrival, return process is a nightmare.",2,Negative
charming,4,Positive
she is broken.,1,Negative
"Good quality, works well and arrived quickly.",4,Positive
she is loved it.,5,Positive
The bottle is acceptable for basic everyday use.,3,Neutral
it is worth it.,4,Positive
"Bad quality, stopped charging after a week.",1,Negative
it is worst.,1,Negative
bad,1,Negative
"Functions as advertised, nothing more nothing less.",3,Neutral
she is superb.,4,Positive
she is smart.,5,Positive
she is just okay.,3,Neutral
acceptable,3,Neutral
"Simply awesome, great experience overall. delicious and fresh, best in town.",4,Positive
it is mean.,2,Negative
"Average performance, neither impressed nor disappointed. decent charger but nothing impressive to write home about.",3,Neutral
she is pretty.,5,Positive
she is poor quality.,1,Negative
it is kind.,5,Positive
charming,4,Positive
fantastic,4,Positive
average,3,Neutral
beautiful,4,Positive
it is love this.,4,Positive
she is superb.,4,Positive
she is perfect.,4,Positive
"Fair quality for the price, standard features.",3,Neutral
it is poor quality.,2,Negative
she is cute.,5,Positive
excellent,4,Positive
she is terrible.,2,Negative
it is ugly.,1,Negative
it is amazing.,4,Positive
fair,3,Neutral
she is awful.,1,Negative
"Fair quality for the price, standard features. average meal, does the job as expected.",3,Neutral
it is scam.,1,Negative
"Not bad, not great either, strictly so-so. arrived on time, works exactly as described.",3,Neutral
"Moderate quality, adequate for short-term use.",3,Neutral
it is mean.,2,Negative
"The pizza is acceptable for basic everyday use. arrived on time, works exactly as described.",3,Neutral
"Average movie, does the job as expected.",3,Neutral
smart,5,Positive
she is cheap junk.,1,Negative
she is hate it.,2,Negative
it is scam.,2,Negative
decent,3,Neutral
"Arrived on time, works exactly as described.",3,Neutral
"It works fine, ordinary build and expected performance.",3,Neutral
so pretty,5,Positive
it is excellent.,5,Positive
"Decent story but nothing impressive to write home about. arrived on time, works exactly as described.",3,Neutral
it is wonderful.,4,Positive
she is best purchase.,4,Positive
she is one star.,1,Negative
"It works fine, ordinary build and expected performance. the charger is acceptable for basic everyday use.",3,Neutral
She is very pretty and extremely kind.,4,Positive
disappointed,2,Negative
The show is acceptable for basic everyday use.,3,Neutral
she is terrible.,2,Negative
The food is acceptable for basic everyday use.,3,Neutral
"The headphones is okay, nothing special about it. tolerable experience, meets expectations but does not stand out.",3,Neutral
ok,3,Neutral
it is wonderful.,5,Positive
she is handsome.,5,Positive
"The battery is okay, nothing special about it.",3,Neutral
it is stupid.,1,Negative
"Maam is pretty, smart and helpful.",5,Positive
"Nice charger, very comfortable and lightweight. very easy to use, intuitive and incredibly helpful.",5,Positive
it is kind.,5,Positive
highly recommend,4,Positive
it is awesome.,5,Positive
it is hate it.,1,Negative
"Mixed feelings, some parts are good while others are not.",3,Neutral
foolish,1,Negative
she is acceptable.,3,Neutral
she is best purchase.,4,Positive
she is mediocre.,3,Neutral
terrible,2,Negative
it is worst.,1,Negative
decent,3,Neutral
she is best purchase.,5,Positive
it is horrible.,1,Negative
so pretty,5,Positive
"It works fine, ordinary build and expected performance.",3,Neutral
"Middle of the road, reasonable for what you pay. not bad, not great either, strictly so-so.",3,Neutral
it is so pretty.,4,Positive
"It is fine for the price, neither good nor bad. it works fine, ordinary build and expected performance.",3,Neutral
she is highly recommend.,5,Positive
it is scam.,2,Negative
"Not bad, not great either, strictly so-so.",3,Neutral
"The camera is acceptable for basic everyday use. not bad, not great either, strictly so-so.",3,Neutral
worth it,5,Positive
perfect,4,Positive
"It is alright, quite standard and unremarkable.",3,Neutral
it is fantastic.,5,Positive
fantastic,5,Positive
it is so pretty.,4,Positive
she is poor quality.,1,Negative
she is fair.,3,Neutral
fine,3,Neutral
awesome,5,Positive
"Tolerable experience, meets expectations but does not stand out. the coffee is acceptable for basic everyday use.",3,Neutral
she is rude.,2,Negative
she is useless.,2,Negative
"The desk is okay, nothing special about it.",3,Neutral
it is hate it.,1,Negative
worst,1,Negative
she is as expected.,3,Neutral
she is stupid.,1,Negative
it is best purchase.,4,Positive
terrible,1,Negative
it is worth it.,5,Positive
rude,1,Negative
it is worst.,2,Negative
she is scam.,2,Negative
"Middle of the road, reasonable for what you pay. tolerable experience, meets expectations but does not stand out.",3,Neutral
it is rude.,2,Negative
it is worst.,1,Negative
stupid,1,Negative
scam,2,Negative
"Bad design, extremely uncomfortable and noisy. do not buy this, it does not work at all.",2,Negative
"Completely satisfied, great value for money. very happy and pleased with my purchase.",5,Positive
"Decent restaurant but nothing impressive to write home about. mixed feelings, some parts are good while others are not.",3,Neutral
it is amazing.,5,Positive
great,5,Positive
"Nice watch, very comfortable and lightweight.",4,Positive
it is cute.,5,Positive
"The burger is okay, nothing special about it.",3,Neutral
stupid,1,Negative
excellent,5,Positive
do not buy,2,Negative
"Excellent restaurant, totally worth every penny. simply awesome, great experience overall.",4,Positive
so so,3,Neutral
she is nice product.,4,Positive
acceptable,3,Neutral
it is perfect.,4,Positive
normal,3,Neutral
"Fair quality for the price, standard features.",3,Neutral
it is attractive.,5,Positive
"It works fine, ordinary build and expected performance. tolerable experience, meets expectations but does not stand out.",3,Neutral
it is love this.,4,Positive
she is awesome.,4,Positive
it is beautiful.,4,Positive
she is rude.,2,Negative
good,4,Positive
awesome,4,Positive
it is perfect.,4,Positive
she is superb.,4,Positive
"Tolerable experience, meets expectations but does not stand out.",3,Neutral
it is fine.,3,Neutral
"The keyboard is okay, nothing special about it.",3,Neutral
it is decent.,3,Neutral
she is highly recommend.,4,Positive
she is scam.,1,Negative
she is fair.,3,Neutral
she is nice product.,4,Positive
she is foolish.,2,Negative
it is love this.,5,Positive
"Useless piece of garbage, request a refund.",2,Negative
"Absolutely love this backpack, highly recommend it. good quality, works well and arrived quickly.",4,Positive
it is awful.,2,Negative
it is smart.,5,Positive
normal,3,Neutral
"It is fine for the price, neither good nor bad.",3,Neutral
she is annoying.,1,Negative
awesome,5,Positive
she is acceptable.,3,Neutral
fair,3,Neutral
okay,3,Neutral
she is ugly.,2,Negative
she is kind.,5,Positive
she is fine.,3,Neutral
so so,3,Neutral
it is good.,4,Positive
it is awesome.,4,Positive
gorgeous,4,Positive
five stars,5,Positive
she is very pretty.,5,Positive
"Absolutely love this laptop, highly recommend it. amazing value, superb quality and super fast delivery.",5,Positive
it is acceptable.,3,Neutral
she is hate it.,1,Negative
gorgeous,4,Positive
"Functions as advertised, nothing more nothing less.",3,Neutral
scam,1,Negative
"Average pizza, does the job as expected. the pizza is okay, nothing special about it.",3,Neutral
"Tastes awful, cold and stale, never ordering again. defective unit, zero stars if i could.",2,Negative
she is okay.,3,Neutral
"Good quality, works well and arrived quickly. highly pleased, definitely buying again.",4,Positive
it is trash.,2,Negative
she is love this.,5,Positive
it is superb.,4,Positive
she is horrible.,2,Negative
she is so pretty.,4,Positive
it is fair.,3,Neutral
friendly,4,Positive
it is disappointed.,2,Negative
it is excellent.,4,Positive
it is friendly.,5,Positive
"Very poor build, feels like a scam.",2,Negative
"Not bad, not great either, strictly so-so. mixed feelings, some parts are good while others are not.",3,Neutral
"The desk is okay, nothing special about it.",3,Neutral
she is just okay.,3,Neutral
she is handsome.,5,Positive
"Great product, no complaints whatsoever.",4,Positive
she is fantastic.,4,Positive
nice product,5,Positive
"Functions as advertised, nothing more nothing less. middle of the road, reasonable for what you pay.",3,Neutral
"Average performance, neither impressed nor disappointed.",3,Neutral
she is do not buy.,1,Negative
" amazing. absolutely love this film, highly recommend it.",5,Positive
it is excellent.,5,Positive
polite,5,Positive
she is perfect.,5,Positive
she is very good.,5,Positive
"Cheap flimsy plastic, fell apart immediately.",1,Negative
she is friendly.,5,Positive
"Arrived on time, works exactly as described.",3,Neutral
she is defective.,1,Negative
she is loved it.,4,Positive
she is five stars.,5,Positive
she is kind.,4,Positive
she is sweet.,5,Positive
foolish,2,Negative
she is just okay.,3,Neutral
she is worst.,1,Negative
it is annoying.,1,Negative
she is best purchase.,5,Positive
it is very good.,4,Positive
she is perfect.,4,Positive
she is superb.,5,Positive
it is great.,5,Positive
decent,3,Neutral
she is fair.,3,Neutral
she is smart.,4,Positive
"Brilliant design, works like a charm. highly pleased, definitely buying again.",5,Positive
it is mean.,2,Negative
"It is alright, quite standard and unremarkable.",3,Neutral
"Average performance, neither impressed nor disappointed.",3,Neutral
it is cute.,5,Positive
broken,1,Negative
"Moderate quality, adequate for short-term use.",3,Neutral
she is sweet.,4,Positive
she is rude.,1,Negative
she is gorgeous.,4,Positive
great,4,Positive
it is attractive.,4,Positive
trash,2,Negative
it is terrible.,2,Negative
gorgeous,5,Positive
very pretty,4,Positive
it is just okay.,3,Neutral
it is decent.,3,Neutral
it is so pretty.,5,Positive
it is amazing.,5,Positive
it is waste of money.,1,Negative
disappointed,1,Negative
"Tolerable experience, meets expectations but does not stand out.",3,Neutral
she is decent.,3,Neutral
average,3,Neutral
it is do not buy.,2,Negative
she is best purchase.,4,Positive
she is mediocre.,3,Neutral
defective,1,Negative
The app is acceptable for basic everyday use.,3,Neutral
she is decent.,3,Neutral
she is normal.,3,Neutral
"Brilliant design, works like a charm. delicious and fresh, best in town.",4,Positive
"The breakfast is okay, nothing special about it. the breakfast is acceptable for basic everyday use.",3,Neutral
it is normal.,3,Neutral
she is attractive.,5,Positive
"The keyboard is okay, nothing special about it.",3,Neutral
"Arrived on time, works exactly as described.",3,Neutral
"Functions as advertised, nothing more nothing less.",3,Neutral
she is useless.,2,Negative
"Great product, no complaints whatsoever.",4,Positive
she is okay.,3,Neutral
it is nice product.,4,Positive
she is very bad.,2,Negative
Very happy and pleased with my purchase.,4,Positive
she is wonderful.,5,Positive
nice product,5,Positive
worst,1,Negative
she is awful.,2,Negative
it is charming.,5,Positive
she is good.,4,Positive
it is fantastic.,5,Positive
broken,2,Negative
"Complete waste of money, very disappointed. tastes awful, cold and stale, never ordering again.",1,Negative
it is best purchase.,5,Positive
mean,2,Negative
she is fine.,3,Neutral
"Such a pretty, lovely and wonderful person. loved everything about it, solid five stars.",4,Positive
it is top quality.,5,Positive
it is so so.,3,Neutral
terrible,2,Negative
"It is alright, quite standard and unremarkable. functions as advertised, nothing more nothing less.",3,Neutral
it is just okay.,3,Neutral
"It is alright, quite standard and unremarkable. it is fine for the price, neither good nor bad.",3,Neutral
"The movie is acceptable for basic everyday use. it is alright, quite standard and unremarkable.",3,Neutral
"Middle of the road, reasonable for what you pay. the meal is okay, nothing special about it.",3,Neutral
it is amazing.,4,Positive
"The film arrived broken and defective, total disaster. terrible quality, avoid at all costs.",1,Negative
it is foolish.,2,Negative
it is broken.,2,Negative
she is polite.,4,Positive
it is fantastic.,4,Positive
it is mean.,1,Negative
horrible,1,Negative
she is poor quality.,1,Negative
disappointed,1,Negative
she is lovely.,5,Positive
she is friendly.,5,Positive
it is so so.,3,Neutral
it is beautiful.,5,Positive
sweet,5,Positive
she is lovely.,5,Positive
amazing,4,Positive
it is hate it.,2,Negative
she is average.,3,Neutral
sweet,5,Positive
decent,3,Neutral
foolish,2,Negative
it is ok.,3,Neutral
she is ok.,3,Neutral
hate it,1,Negative
nice product,5,Positive
it is useless.,1,Negative
The game is acceptable for basic everyday use.,3,Neutral
she is cheap junk.,2,Negative
"Poor quality, cheaply made and not worth the price. broken on arrival, return process is a nightmare.",1,Negative
polite,4,Positive
so pretty,4,Positive
"It is alright, quite standard and unremarkable.",3,Neutral
it is gorgeous.,5,Positive
it is ugly.,2,Negative
"Terrible restaurant, stopped working after just two days.",2,Negative
sweet,5,Positive
it is decent.,3,Neutral
she is great.,4,Positive
it is terrible.,2,Negative
"Great product, no complaints whatsoever.",4,Positive
it is horrible.,1,Negative
it is love this.,5,Positive
scam,2,Negative
"It works fine, ordinary build and expected performance. it works fine, ordinary build and expected performance.",3,Neutral
"Painfully slow, sluggish and completely unresponsive.",1,Negative
it is best purchase.,5,Positive
she is waste of money.,2,Negative
"Decent burger but nothing impressive to write home about. arrived on time, works exactly as described.",3,Neutral
"Awful customer service and extremely slow delivery. cheap flimsy plastic, fell apart immediately.",2,Negative
"It is alright, quite standard and unremarkable.",3,Neutral
"Fair quality for the price, standard features. it is fine for the price, neither good nor bad.",3,Neutral
it is ok.,3,Neutral
it is decent.,3,Neutral
it is terrible.,1,Negative
she is pretty.,5,Positive
"The service arrived broken and defective, total disaster.",1,Negative
great,4,Positive
it is acceptable.,3,Neutral
it is broken.,1,Negative
highly recommend,5,Positive
it is disappointed.,2,Negative
it is terrible.,2,Negative
she is excellent.,4,Positive
very good,5,Positive
The camera is acceptable for basic everyday use.,3,Neutral
it is sweet.,4,Positive
she is friendly.,4,Positive
it is very pretty.,5,Positive
it is loved it.,4,Positive
she is cute.,5,Positive
"It is fine for the price, neither good nor bad. the monitor is acceptable for basic everyday use.",3,Neutral
as expected,3,Neutral
kind,5,Positive
do not buy,2,Negative
"Middle of the road, reasonable for what you pay. not bad, not great either, strictly so-so.",3,Neutral
it is average.,3,Neutral
it is lovely.,5,Positive
nice product,4,Positive
it is as expected.,3,Neutral
superb,5,Positive
she is loved it.,4,Positive
it is okay.,3,Neutral
just okay,3,Neutral
"Highly pleased, definitely buying again.",4,Positive
trash,2,Negative
best purchase,4,Positive
she is nice product.,5,Positive
she is kind.,4,Positive
"Arrived on time, works exactly as described. it is fine for the price, neither good nor bad.",3,Neutral
sweet,4,Positive
it is annoying.,1,Negative
ugly,1,Negative
she is mean.,1,Negative
"Mixed feelings, some parts are good while others are not.",3,Neutral
cheap junk,1,Negative
mediocre,3,Neutral
she is charming.,5,Positive
she is great.,5,Positive
it is superb.,4,Positive
loved it,4,Positive
she is great.,5,Positive
it is normal.,3,Neutral
hate it,1,Negative
foolish,1,Negative
cute,4,Positive
it is lovely.,4,Positive
"Fair quality for the price, standard features. it is alright, quite standard and unremarkable.",3,Neutral
she is perfect.,5,Positive
it is broken.,1,Negative
okay,3,Neutral
good,4,Positive
Decent jacket but nothing impressive to write home about. the jacket is acceptable for basic everyday use.,3,Neutral
it is normal.,3,Neutral
she is cheap junk.,1,Negative
"Moderate quality, adequate for short-term use.",3,Neutral
she is top quality.,5,Positive
"Tolerable experience, meets expectations but does not stand out. it works fine, ordinary build and expected performance.",3,Neutral
"Tolerable experience, meets expectations but does not stand out. the backpack is okay, nothing special about it.",3,Neutral
she is worst.,2,Negative
she is kind.,4,Positive
fantastic,5,Positive
wonderful,5,Positive
she is hate it.,2,Negative
it is awful.,2,Negative
it is annoying.,1,Negative
she is good.,4,Positive
"Middle of the road, reasonable for what you pay. decent coffee but nothing impressive to write home about.",3,Neutral
decent,3,Neutral
beautiful,5,Positive
it is hate it.,1,Negative
mean,2,Negative
she is normal.,3,Neutral
good,4,Positive
it is wonderful.,4,Positive
poor quality,1,Negative
it is lovely.,4,Positive
good,4,Positive
she is annoying.,2,Negative
she is amazing.,4,Positive
she is decent.,3,Neutral
amazing,4,Positive
she is loved it.,5,Positive
she is lovely.,5,Positive
it is nice product.,4,Positive
very pretty,4,Positive
she is terrible.,2,Negative
"It is fine for the price, neither good nor bad.",3,Neutral
she is one star.,1,Negative
it is foolish.,2,Negative
top quality,4,Positive
it is great.,5,Positive
it is awful.,2,Negative
it is attractive.,5,Positive
"It is fine for the price, neither good nor bad.",3,Neutral
it is superb.,4,Positive
she is scam.,2,Negative
it is superb.,5,Positive
superb,4,Positive
"Highly pleased, definitely buying again. delicious and fresh, best in town.",5,Positive
handsome,4,Positive
bad,2,Negative
she is foolish.,2,Negative
it is as expected.,3,Neutral
very bad,1,Negative
she is scam.,1,Negative
attractive,5,Positive
Decent charger but nothing impressive to write home about. decent charger but nothing impressive to write home about.,3,Neutral
she is five stars.,5,Positive
acceptable,3,Neutral
five stars,5,Positive
annoying,2,Negative
she is lovely.,5,Positive
"It is fine for the price, neither good nor bad.",3,Neutral
it is worst.,2,Negative
friendly,5,Positive
it is ok.,3,Neutral
it is polite.,4,Positive
she is gorgeous.,5,Positive
excellent,5,Positive
she is ok.,3,Neutral
it is charming.,4,Positive
it is very pretty.,4,Positive
polite,4,Positive
she is awesome.,5,Positive
excellent,4,Positive
The show is acceptable for basic everyday use.,3,Neutral
"Moderate quality, adequate for short-term use.",3,Neutral
scam,1,Negative
she is superb.,4,Positive
"Not bad, not great either, strictly so-so. middle of the road, reasonable for what you pay.",3,Neutral
it is one star.,1,Negative
very bad,1,Negative
one star,1,Negative
smart,5,Positive
she is horrible.,2,Negative
average,3,Neutral
it is horrible.,2,Negative
it is rude.,2,Negative
she is bad.,1,Negative
"Mixed feelings, some parts are good while others are not. the story is okay, nothing special about it.",3,Neutral
it is very bad.,2,Negative
"Average performance, neither impressed nor disappointed.",3,Neutral
she is very bad.,1,Negative
it is kind.,4,Positive
"Tolerable experience, meets expectations but does not stand out.",3,Neutral
not bad,3,Neutral
it is ok.,3,Neutral
she is ok.,3,Neutral
it is as expected.,3,Neutral
"Moderate quality, adequate for short-term use. fair quality for the price, standard features.",3,Neutral
five stars,5,Positive
it is broken.,1,Negative
it is cute.,5,Positive
"Average film, does the job as expected.",3,Neutral
she is as expected.,3,Neutral
she is waste of money.,2,Negative
she is trash.,1,Negative
"Functions as advertised, nothing more nothing less. tolerable experience, meets expectations but does not stand out.",3,Neutral
she is not bad.,3,Neutral
it is awesome.,4,Positive
ok,3,Neutral
she is annoying.,1,Negative
she is excellent.,4,Positive
very pretty,5,Positive
it is ok.,3,Neutral
"Maam is pretty, smart and helpful. fantastic battery life, beautiful design and sturdy build.",4,Positive
very pretty,4,Positive
she is stupid.,2,Negative
very bad,2,Negative
it is useless.,2,Negative
it is smart.,4,Positive
it is great.,5,Positive
"Average speaker, does the job as expected.",3,Neutral
lovely,4,Positive
it is nice product.,4,Positive
pretty,4,Positive
"Mixed feelings, some parts are good while others are not.",3,Neutral
waste of money,1,Negative
it is nice product.,5,Positive
"It is fine for the price, neither good nor bad. middle of the road, reasonable for what you pay.",3,Neutral
Decent film but nothing impressive to write home about. the film is acceptable for basic everyday use.,3,Neutral
she is kind.,4,Positive
"It is fine for the price, neither good nor bad. arrived on time, works exactly as described.",3,Neutral
she is bad.,2,Negative
it is just okay.,3,Neutral
it is mean.,2,Negative
disappointed,2,Negative
she is waste of money.,2,Negative
"Terrible chair, stopped working after just two days. constantly crashes and full of bugs, unbearable.",2,Negative
"Poor quality, cheaply made and not worth the price.",1,Negative
she is so pretty.,5,Positive
"Bad design, extremely uncomfortable and noisy. defective unit, zero stars if i could.",2,Negative
it is fair.,3,Neutral
she is very bad.,2,Negative
it is fantastic.,4,Positive
excellent,5,Positive
it is disappointed.,1,Negative
it is lovely.,4,Positive
she is trash.,2,Negative
it is excellent.,5,Positive
She is very pretty and extremely kind. top notch quality and exceptional customer service.,4,Positive
"Good quality, works well and arrived quickly. one of the best products i have ever bought.",5,Positive
it is beautiful.,5,Positive
she is not bad.,3,Neutral
she is mediocre.,3,Neutral
"Arrived on time, works exactly as described. decent movie but nothing impressive to write home about.",3,Neutral
it is bad.,2,Negative
just okay,3,Neutral
amazing,4,Positive
it is top quality.,5,Positive
"Mixed feelings, some parts are good while others are not.",3,Neutral
she is pretty.,4,Positive
she is fine.,3,Neutral
"Functions as advertised, nothing more nothing less.",3,Neutral
"Fails to perform its basic function, very angry.",2,Negative
"Great product, no complaints whatsoever. delicious and fresh, best in town.",4,Positive
"Middle of the road, reasonable for what you pay.",3,Neutral
it is very pretty.,5,Positive
mean,2,Negative
she is highly recommend.,5,Positive
it is defective.,1,Negative
awful,1,Negative
it is annoying.,2,Negative
it is just okay.,3,Neutral
it is just okay.,3,Neutral
she is do not buy.,1,Negative
she is so so.,3,Neutral
she is disappointed.,2,Negative
it is perfect.,5,Positive
awful,2,Negative
she is decent.,3,Neutral
polite,4,Positive
it is waste of money.,1,Negative
"Mixed feelings, some parts are good while others are not.",3,Neutral
it is very pretty.,5,Positive
it is very pretty.,5,Positive
gorgeous,5,Positive
it is acceptable.,3,Neutral
worth it,5,Positive
"Poor quality, cheaply made and not worth the price.",1,Negative
"Average headphones, does the job as expected. middle of the road, reasonable for what you pay.",3,Neutral
it is so so.,3,Neutral
she is fine.,3,Neutral
she is cute.,5,Positive
"Constantly crashes and full of bugs, unbearable. constantly crashes and full of bugs, unbearable.",2,Negative
"Arrived on time, works exactly as described.",3,Neutral
"Loved everything about it, solid five stars. one of the best products i have ever bought.",5,Positive
she is do not buy.,2,Negative
it is charming.,5,Positive
it is defective.,1,Negative
it is do not buy.,1,Negative
"Not bad, not great either, strictly so-so. it is alright, quite standard and unremarkable.",3,Neutral
she is worth it.,5,Positive
she is wonderful.,5,Positive
it is broken.,2,Negative
amazing,4,Positive
she is charming.,4,Positive
she is rude.,1,Negative
nice product,5,Positive
it is scam.,1,Negative
scam,1,Negative
it is fair.,3,Neutral
she is lovely.,4,Positive
perfect,4,Positive
top quality,5,Positive
she is one star.,2,Negative
top quality,4,Positive
she is perfect.,5,Positive
very bad,2,Negative
she is handsome.,4,Positive
okay,3,Neutral
"Fantastic battery life, beautiful design and sturdy build.",5,Positive
highly recommend,4,Positive
rude,1,Negative
She is very pretty and extremely kind.,5,Positive
she is so so.,3,Neutral
it is okay.,3,Neutral
she is attractive.,4,Positive
she is loved it.,5,Positive
"Average performance, neither impressed nor disappointed.",3,Neutral
it is disappointed.,1,Negative
smart,4,Positive
it is nice product.,4,Positive
she is very pretty.,4,Positive
"Moderate quality, adequate for short-term use.",3,Neutral
great,4,Positive
"This monitor exceeded all my expectations, truly wonderful. nice monitor, very comfortable and lightweight.",4,Positive
"Not bad, not great either, strictly so-so.",3,Neutral
amazing,5,Positive
cute,5,Positive
she is worst.,2,Negative
"Constantly crashes and full of bugs, unbearable. poor quality, cheaply made and not worth the price.",2,Negative
it is kind.,5,Positive
"Moderate quality, adequate for short-term use.",3,Neutral
polite,5,Positive
she is smart.,4,Positive
poor quality,2,Negative
highly recommend,5,Positive
"Highly pleased, definitely buying again. completely satisfied, great value for money.",5,Positive
she is stupid.,2,Negative
she is handsome.,4,Positive
useless,2,Negative
broken,1,Negative
she is ok.,3,Neutral
excellent,4,Positive
mediocre,3,Neutral
very bad,2,Negative
it is worst.,1,Negative
she is okay.,3,Neutral
worth it,4,Positive
loved it,5,Positive
annoying,1,Negative
it is horrible.,2,Negative
The movie is acceptable for basic everyday use.,3,Neutral
she is love this.,4,Positive
she is hate it.,2,Negative
she is attractive.,4,Positive
it is annoying.,1,Negative
she is attractive.,5,Positive
she is not bad.,3,Neutral
"Mixed feelings, some parts are good while others are not.",3,Neutral
it is fantastic.,4,Positive
stupid,1,Negative
Decent watch but nothing impressive to write home about.,3,Neutral
it is stupid.,1,Negative
"Moderate quality, adequate for short-term use. average performance, neither impressed nor disappointed.",3,Neutral
"Average monitor, does the job as expected.",3,Neutral
"It is fine for the price, neither good nor bad.",3,Neutral
awesome,5,Positive
it is as expected.,3,Neutral
top quality,4,Positive
she is normal.,3,Neutral
amazing,5,Positive
best purchase,5,Positive
it is beautiful.,4,Positive
it is foolish.,2,Negative
normal,3,Neutral
attractive,4,Positive
it is very good.,4,Positive
it is nice product.,5,Positive
it is horrible.,1,Negative
fair,3,Neutral
it is gorgeous.,4,Positive
"Average performance, neither impressed nor disappointed.",3,Neutral
she is defective.,2,Negative
top quality,5,Positive
it is pretty.,5,Positive
she is broken.,1,Negative
she is top quality.,4,Positive
it is handsome.,4,Positive
it is very good.,5,Positive
awful,1,Negative
"Not bad, not great either, strictly so-so. average performance, neither impressed nor disappointed.",3,Neutral
she is do not buy.,2,Negative
she is fantastic.,4,Positive
as expected,3,Neutral
it is very good.,4,Positive
it is sweet.,4,Positive
she is nice product.,4,Positive
"Do not buy this, it does not work at all. broken on arrival, return process is a nightmare.",1,Negative
awesome,5,Positive
do not buy,2,Negative
it is loved it.,4,Positive
one star,2,Negative
she is not bad.,3,Neutral
top quality,4,Positive
it is very pretty.,5,Positive
it is excellent.,5,Positive
"Functions as advertised, nothing more nothing less.",3,Neutral
"Middle of the road, reasonable for what you pay. average bottle, does the job as expected.",3,Neutral
it is bad.,1,Negative
"It is fine for the price, neither good nor bad. middle of the road, reasonable for what you pay.",3,Neutral
it is best purchase.,5,Positive
it is mean.,1,Negative
it is great.,4,Positive
do not buy,1,Negative
smart,4,Positive
she is foolish.,2,Negative
five stars,5,Positive
she is smart.,5,Positive
"Moderate quality, adequate for short-term use. functions as advertised, nothing more nothing less.",3,Neutral
"Highly pleased, definitely buying again.",5,Positive
just okay,3,Neutral
she is fantastic.,4,Positive
"It is alright, quite standard and unremarkable.",3,Neutral
it is mediocre.,3,Neutral
she is rude.,2,Negative
"Amazing value, superb quality and super fast delivery. brilliant design, works like a charm.",5,Positive
she is ok.,3,Neutral
it is average.,3,Neutral
it is so pretty.,5,Positive
beautiful,4,Positive
poor quality,2,Negative
she is cheap junk.,1,Negative
"Mixed feelings, some parts are good while others are not. fair quality for the price, standard features.",3,Neutral
it is disappointed.,2,Negative
she is just okay.,3,Neutral
one star,1,Negative
five stars,5,Positive
it is cheap junk.,1,Negative
she is awful.,2,Negative
she is just okay.,3,Neutral
perfect,4,Positive
okay,3,Neutral
worst,1,Negative
"Highly pleased, definitely buying again. completely satisfied, great value for money.",4,Positive
loved it,4,Positive
normal,3,Neutral
"Fair quality for the price, standard features. it works fine, ordinary build and expected performance.",3,Neutral
not bad,3,Neutral
stupid,1,Negative
ugly,1,Negative
it is awful.,1,Negative
it is loved it.,5,Positive
it is handsome.,5,Positive
perfect,4,Positive
nice product,5,Positive
One of the best products i have ever bought. she is very pretty and extremely kind.,4,Positive
"Mixed feelings, some parts are good while others are not. tolerable experience, meets expectations but does not stand out.",3,Neutral
"Outstanding performance, extremely smooth and reliable. this watch exceeded all my expectations, truly wonderful.",4,Positive
ugly,2,Negative
she is not bad.,3,Neutral
she is rude.,1,Negative
it is trash.,2,Negative
she is do not buy.,2,Negative
she is bad.,2,Negative
"Nice breakfast, very comfortable and lightweight. looks very pretty, charming and elegant.",5,Positive
it is awesome.,4,Positive
it is highly recommend.,4,Positive
it is stupid.,2,Negative
it is worst.,1,Negative
charming,5,Positive
"Mixed feelings, some parts are good while others are not. moderate quality, adequate for short-term use.",3,Neutral
trash,2,Negative
so so,3,Neutral
she is charming.,4,Positive
excellent,4,Positive
she is foolish.,2,Negative
lovely,5,Positive
she is acceptable.,3,Neutral
attractive,4,Positive
she is good.,5,Positive
she is scam.,2,Negative
she is very pretty.,5,Positive
"Arrived on time, works exactly as described. tolerable experience, meets expectations but does not stand out.",3,Neutral
"Amazing value, superb quality and super fast delivery.",5,Positive
"The pizza arrived broken and defective, total disaster.",1,Negative
"Defective unit, zero stars if i could. very poor build, feels like a scam.",1,Negative
handsome,4,Positive
ok,3,Neutral
as expected,3,Neutral
she is ok.,3,Neutral
she is poor quality.,2,Negative
it is excellent.,5,Positive
"Not bad, not great either, strictly so-so. average phone, does the job as expected.",3,Neutral
do not buy,2,Negative
acceptable,3,Neutral
mean,2,Negative
"Complete waste of money, very disappointed.",1,Negative
best purchase,5,Positive
horrible,2,Negative
it is rude.,2,Negative
she is superb.,4,Positive
it is pretty.,4,Positive
"Functions as advertised, nothing more nothing less. decent desk but nothing impressive to write home about.",3,Neutral
"Loved everything about it, solid five stars. very easy to use, intuitive and incredibly helpful.",4,Positive
it is ugly.,1,Negative
she is loved it.,4,Positive
it is ugly.,2,Negative
"Terrible quality, avoid at all costs.",1,Negative
very pretty,5,Positive
she is not bad.,3,Neutral
useless,2,Negative
"Worst desk i have ever owned, total trash.",2,Negative
she is gorgeous.,4,Positive
it is perfect.,5,Positive
"Middle of the road, reasonable for what you pay.",3,Neutral
"Do not buy this, it does not work at all. broken on arrival, return process is a nightmare.",2,Negative
"Arrived on time, works exactly as described.",3,Neutral
she is excellent.,4,Positive
it is love this.,4,Positive
it is highly recommend.,5,Positive
as expected,3,Neutral
trash,2,Negative
it is cheap junk.,1,Negative
she is hate it.,2,Negative
it is cheap junk.,1,Negative
"Very poor build, feels like a scam. complete waste of money, very disappointed.",2,Negative
she is very good.,4,Positive
"The smartwatch is okay, nothing special about it.",3,Neutral
it is pretty.,5,Positive
"It works fine, ordinary build and expected performance. the breakfast is acceptable for basic everyday use.",3,Neutral
kind,5,Positive
"The backpack is acceptable for basic everyday use. average backpack, does the job as expected.",3,Neutral
kind,4,Positive
it is fair.,3,Neutral
waste of money,1,Negative
very good,5,Positive
it is do not buy.,2,Negative
it is mediocre.,3,Neutral
it is great.,4,Positive
so so,3,Neutral
she is acceptable.,3,Neutral
very bad,2,Negative
"Average performance, neither impressed nor disappointed.",3,Neutral
"Decent app but nothing impressive to write home about. the app is okay, nothing special about it.",3,Neutral
"Mixed feelings, some parts are good while others are not. fair quality for the price, standard features.",3,Neutral
it is mediocre.,3,Neutral
attractive,5,Positive
pretty,4,Positive
defective,2,Negative
cheap junk,1,Negative
so pretty,4,Positive
scam,1,Negative
"Horrible experience, regret buying this junk. useless piece of garbage, request a refund.",2,Negative
it is not bad.,3,Neutral
"Hate it, completely useless and misleading description.",2,Negative
she is so so.,3,Neutral
she is friendly.,5,Positive
"Fails to perform its basic function, very angry.",2,Negative
it is mean.,2,Negative
"Not bad, not great either, strictly so-so.",3,Neutral
it is polite.,5,Positive
"It is alright, quite standard and unremarkable. functions as advertised, nothing more nothing less.",3,Neutral
scam,1,Negative
it is fair.,3,Neutral
she is highly recommend.,4,Positive
it is ugly.,1,Negative
it is handsome.,5,Positive
worst,2,Negative
"Maam is pretty, smart and helpful. such a pretty, lovely and wonderful person.",4,Positive
defective,2,Negative
"Average performance, neither impressed nor disappointed.",3,Neutral
acceptable,3,Neutral
"Middle of the road, reasonable for what you pay.",3,Neutral
"Brilliant design, works like a charm.",5,Positive
she is rude.,2,Negative
"Average performance, neither impressed nor disappointed. average performance, neither impressed nor disappointed.",3,Neutral
"Average meal, does the job as expected.",3,Neutral
useless,2,Negative
she is not bad.,3,Neutral
fantastic,5,Positive
"Fantastic battery life, beautiful design and sturdy build.",5,Positive
"It works fine, ordinary build and expected performance.",3,Neutral
"Cheap flimsy plastic, fell apart immediately.",1,Negative
worth it,5,Positive
"Constantly crashes and full of bugs, unbearable.",1,Negative
she is trash.,1,Negative
"Hate it, completely useless and misleading description.",1,Negative
ugly,2,Negative
"Tolerable experience, meets expectations but does not stand out.",3,Neutral
"Battery drains within an hour, really frustrating and annoying.",1,Negative
foolish,2,Negative
attractive,5,Positive
it is broken.,2,Negative
not bad,3,Neutral
love this,5,Positive
love this,5,Positive
waste of money,2,Negative
it is pretty.,4,Positive
superb,4,Positive
it is kind.,4,Positive
superb,5,Positive
she is excellent.,4,Positive
she is waste of money.,2,Negative
it is gorgeous.,4,Positive
she is disappointed.,1,Negative
she is awesome.,5,Positive
she is friendly.,5,Positive
"Highly pleased, definitely buying again.",4,Positive
it is cheap junk.,1,Negative
"Moderate quality, adequate for short-term use. functions as advertised, nothing more nothing less.",3,Neutral
it is amazing.,4,Positive
she is one star.,1,Negative
terrible,1,Negative
"It works fine, ordinary build and expected performance.",3,Neutral
horrible,1,Negative
ugly,2,Negative
it is top quality.,5,Positive
she is very good.,4,Positive
it is superb.,5,Positive
it is mediocre.,3,Neutral
she is pretty.,5,Positive
friendly,4,Positive
it is awesome.,5,Positive
she is beautiful.,4,Positive
it is do not buy.,2,Negative
it is poor quality.,2,Negative
"Tolerable experience, meets expectations but does not stand out.",3,Neutral
"Painfully slow, sluggish and completely unresponsive. broken on arrival, return process is a nightmare.",2,Negative
she is ugly.,1,Negative
"Fantastic battery life, beautiful design and sturdy build. loved everything about it, solid five stars.",5,Positive
she is one star.,1,Negative
it is trash.,2,Negative
she is great.,5,Positive
"Decent speaker but nothing impressive to write home about. average performance, neither impressed nor disappointed.",3,Neutral
she is five stars.,5,Positive
horrible,2,Negative
"Middle of the road, reasonable for what you pay. it is fine for the price, neither good nor bad.",3,Neutral
she is top quality.,4,Positive
"Average performance, neither impressed nor disappointed.",3,Neutral
she is worth it.,4,Positive
it is perfect.,5,Positive
she is excellent.,4,Positive
it is amazing.,4,Positive
it is rude.,1,Negative
she is so so.,3,Neutral
"Tolerable experience, meets expectations but does not stand out. decent game but nothing impressive to write home about.",3,Neutral
she is fine.,3,Neutral
she is charming.,4,Positive
one star,1,Negative
"Loved everything about it, solid five stars. brilliant design, works like a charm.",5,Positive
charming,4,Positive
sweet,5,Positive
"The battery is okay, nothing special about it.",3,Neutral
"Complete waste of money, very disappointed. very poor build, feels like a scam.",2,Negative
defective,2,Negative
worst,1,Negative
annoying,2,Negative
it is acceptable.,3,Neutral
"Not bad, not great either, strictly so-so.",3,Neutral
"Maam is pretty, smart and helpful. such a pretty, lovely and wonderful person.",5,Positive
it is broken.,1,Negative
rude,1,Negative
amazing,4,Positive
it is fine.,3,Neutral
so pretty,4,Positive
disappointed,2,Negative
it is friendly.,5,Positive
she is disappointed.,1,Negative
she is very good.,5,Positive
it is worth it.,5,Positive
she is attractive.,4,Positive
hate it,2,Negative
one star,2,Negative
"Middle of the road, reasonable for what you pay. arrived on time, works exactly as described.",3,Neutral
it is very bad.,1,Negative
it is friendly.,5,Positive
it is defective.,1,Negative
she is gorgeous.,5,Positive
she is kind.,5,Positive
it is very bad.,1,Negative
"Very poor build, feels like a scam. fails to perform its basic function, very angry.",2,Negative
"Functions as advertised, nothing more nothing less. arrived on time, works exactly as described.",3,Neutral
amazing,4,Positive
it is highly recommend.,4,Positive
cheap junk,1,Negative
it is do not buy.,2,Negative
she is cute.,4,Positive
it is terrible.,1,Negative
"It is fine for the price, neither good nor bad.",3,Neutral
it is smart.,5,Positive
she is defective.,1,Negative
it is worth it.,4,Positive
"Middle of the road, reasonable for what you pay. middle of the road, reasonable for what you pay.",3,Neutral
it is five stars.,4,Positive
horrible,2,Negative
average,3,Neutral
defective,1,Negative
kind,5,Positive
cheap junk,2,Negative
it is bad.,2,Negative
foolish,2,Negative
she is horrible.,1,Negative
she is excellent.,5,Positive
"Functions as advertised, nothing more nothing less.",3,Neutral
"Fair quality for the price, standard features.",3,Neutral
"Fair quality for the price, standard features.",3,Neutral
it is polite.,5,Positive
she is attractive.,4,Positive
"Average pizza, does the job as expected. it is fine for the price, neither good nor bad.",3,Neutral
"Arrived on time, works exactly as described. middle of the road, reasonable for what you pay.",3,Neutral
she is five stars.,5,Positive
"Broken on arrival, return process is a nightmare.",1,Negative
bad,2,Negative
she is so so.,3,Neutral
"Painfully slow, sluggish and completely unresponsive. painfully slow, sluggish and completely unresponsive.",1,Negative
she is cheap junk.,2,Negative
"Moderate quality, adequate for short-term use. moderate quality, adequate for short-term use.",3,Neutral
it is average.,3,Neutral
she is horrible.,2,Negative
she is wonderful.,4,Positive
fantastic,5,Positive
she is broken.,2,Negative
it is stupid.,2,Negative
highly recommend,5,Positive
just okay,3,Neutral
she is polite.,4,Positive
it is just okay.,3,Neutral
"The camera is okay, nothing special about it.",3,Neutral
decent,3,Neutral
handsome,5,Positive
"Fair quality for the price, standard features.",3,Neutral
"The phone is okay, nothing special about it. the phone is acceptable for basic everyday use.",3,Neutral
it is loved it.,4,Positive
"Not bad, not great either, strictly so-so.",3,Neutral
it is highly recommend.,4,Positive
she is mediocre.,3,Neutral
so so,3,Neutral
she is average.,3,Neutral
she is highly recommend.,4,Positive
she is do not buy.,2,Negative
it is annoying.,2,Negative
awful,1,Negative
"The software is okay, nothing special about it. the software is okay, nothing special about it.",3,Neutral
it is useless.,2,Negative
it is okay.,3,Neutral
not bad,3,Neutral
she is so pretty.,4,Positive
Top notch quality and exceptional customer service.,4,Positive
"Average burger, does the job as expected.",3,Neutral
she is useless.,1,Negative
"It is fine for the price, neither good nor bad.",3,Neutral
she is just okay.,3,Neutral
it is average.,3,Neutral
it is charming.,4,Positive
"Very happy and pleased with my purchase. absolutely love this movie, highly recommend it.",5,Positive
she is poor quality.,1,Negative
so pretty,5,Positive
fantastic,4,Positive
she is pretty.,5,Positive
she is rude.,1,Negative
it is awesome.,5,Positive
polite,5,Positive
it is five stars.,4,Positive
she is kind.,5,Positive
it is one star.,1,Negative
awful,1,Negative
she is beautiful.,4,Positive
it is wonderful.,4,Positive
"Average performance, neither impressed nor disappointed.",3,Neutral
she is defective.,2,Negative
"Painfully slow, sluggish and completely unresponsive.",2,Negative
"Decent laptop but nothing impressive to write home about. average laptop, does the job as expected.",3,Neutral
"Horrible experience, regret buying this junk.",2,Negative
poor quality,1,Negative
highly recommend,5,Positive
it is charming.,5,Positive
lovely,5,Positive
she is mean.,1,Negative
"Functions as advertised, nothing more nothing less.",3,Neutral
"Mixed feelings, some parts are good while others are not.",3,Neutral
top quality,4,Positive
rude,2,Negative
it is waste of money.,1,Negative
love this,5,Positive
acceptable,3,Neutral
"Tastes awful, cold and stale, never ordering again. bad quality, stopped charging after a week.",1,Negative
terrible,1,Negative
mediocre,3,Neutral
she is great.,4,Positive
normal,3,Neutral
it is normal.,3,Neutral
it is normal.,3,Neutral
she is okay.,3,Neutral
she is attractive.,5,Positive
she is beautiful.,5,Positive
it is foolish.,2,Negative
she is okay.,3,Neutral
wonderful,5,Positive
it is very good.,4,Positive
it is attractive.,5,Positive
she is beautiful.,4,Positive
five stars,5,Positive
she is worth it.,4,Positive
it is terrible.,1,Negative
it is defective.,1,Negative
as expected,3,Neutral
"Excellent shoes, totally worth every penny.",5,Positive
she is okay.,3,Neutral
she is gorgeous.,4,Positive
awesome,4,Positive
she is nice product.,4,Positive
"Useless piece of garbage, request a refund.",2,Negative
she is superb.,4,Positive
it is handsome.,4,Positive
it is great.,5,Positive
it is stupid.,2,Negative
she is as expected.,3,Neutral
Decent jacket but nothing impressive to write home about.,3,Neutral
she is worst.,1,Negative
she is ok.,3,Neutral
she is lovely.,4,Positive
"Excellent bottle, totally worth every penny. excellent bottle, totally worth every penny.",5,Positive
it is smart.,4,Positive
pretty,5,Positive
it is horrible.,2,Negative
very good,5,Positive
she is nice product.,5,Positive
it is loved it.,5,Positive
The backpack is acceptable for basic everyday use.,3,Neutral
it is good.,5,Positive
"Poor quality, cheaply made and not worth the price. constantly crashes and full of bugs, unbearable.",1,Negative
she is bad.,2,Negative
not bad,3,Neutral
it is acceptable.,3,Neutral
"Not bad, not great either, strictly so-so.",3,Neutral
it is sweet.,5,Positive
she is love this.,5,Positive
"Moderate quality, adequate for short-term use. it is alright, quite standard and unremarkable.",3,Neutral
very good,4,Positive
it is so so.,3,Neutral
she is awesome.,5,Positive
"Average speaker, does the job as expected. it is fine for the price, neither good nor bad.",3,Neutral
"It is fine for the price, neither good nor bad. decent food but nothing impressive to write home about.",3,Neutral
she is charming.,5,Positive
five stars,5,Positive
it is not bad.,3,Neutral
she is disappointed.,1,Negative
she is stupid.,2,Negative
"Average bottle, does the job as expected. mixed feelings, some parts are good while others are not.",3,Neutral
she is very bad.,1,Negative
she is normal.,3,Neutral
it is very bad.,1,Negative
it is one star.,1,Negative
it is fantastic.,5,Positive
she is sweet.,5,Positive
"Moderate quality, adequate for short-term use. average performance, neither impressed nor disappointed.",3,Neutral
"It works fine, ordinary build and expected performance. not bad, not great either, strictly so-so.",3,Neutral
she is amazing.,5,Positive
it is five stars.,4,Positive
"Highly pleased, definitely buying again.",4,Positive
it is gorgeous.,5,Positive
it is fine.,3,Neutral
she is broken.,1,Negative
"Constantly crashes and full of bugs, unbearable.",2,Negative
it is ugly.,2,Negative
it is sweet.,4,Positive
it is cute.,5,Positive
annoying,1,Negative
it is stupid.,2,Negative
it is fine.,3,Neutral
"Not bad, not great either, strictly so-so.",3,Neutral
"It is fine for the price, neither good nor bad. fair quality for the price, standard features.",3,Neutral
"It works fine, ordinary build and expected performance.",3,Neutral
"Moderate quality, adequate for short-term use. middle of the road, reasonable for what you pay.",3,Neutral
it is so pretty.,5,Positive
it is poor quality.,2,Negative
"Loved everything about it, solid five stars. one of the best products i have ever bought.",5,Positive
she is as expected.,3,Neutral
"Average headphones, does the job as expected. mixed feelings, some parts are good while others are not.",3,Neutral
it is pretty.,5,Positive
"Tolerable experience, meets expectations but does not stand out.",3,Neutral
mediocre,3,Neutral
it is one star.,2,Negative
"Complete waste of money, very disappointed. worst battery i have ever owned, total trash.",2,Negative
she is foolish.,1,Negative
Decent desk but nothing impressive to write home about.,3,Neutral
The food is acceptable for basic everyday use.,3,Neutral
"Maam is pretty, smart and helpful.",4,Positive
"It works fine, ordinary build and expected performance. mixed feelings, some parts are good while others are not.",3,Neutral
it is cheap junk.,2,Negative
mediocre,3,Neutral
she is five stars.,5,Positive
friendly,4,Positive
she is defective.,2,Negative
she is good.,4,Positive
average,3,Neutral
she is very pretty.,5,Positive
do not buy,1,Negative
she is sweet.,4,Positive
Decent shoes but nothing impressive to write home about.,3,Neutral
Works perfectly and the quality is great.,4,Positive
okay,3,Neutral
good,5,Positive
it is kind.,5,Positive
it is awful.,2,Negative
"Bad quality, stopped charging after a week. battery drains within an hour, really frustrating and annoying.",2,Negative
it is horrible.,2,Negative
annoying,1,Negative
"Average performance, neither impressed nor disappointed.",3,Neutral
she is broken.,2,Negative
she is terrible.,2,Negative
she is sweet.,5,Positive
"Not bad, not great either, strictly so-so.",3,Neutral
perfect,5,Positive
"Awful customer service and extremely slow delivery. defective unit, zero stars if i could.",1,Negative
she is decent.,3,Neutral
she is waste of money.,2,Negative
good,4,Positive
"Middle of the road, reasonable for what you pay.",3,Neutral
kind,4,Positive
"The chair is acceptable for basic everyday use. fair quality for the price, standard features.",3,Neutral
"Functions as advertised, nothing more nothing less.",3,Neutral
"Outstanding performance, extremely smooth and reliable. this charger exceeded all my expectations, truly wonderful.",4,Positive
"It is alright, quite standard and unremarkable.",3,Neutral
lovely,4,Positive
bad,2,Negative
loved it,4,Positive
she is fine.,3,Neutral
very pretty,5,Positive
broken,1,Negative
it is awful.,2,Negative
"It is fine for the price, neither good nor bad.",3,Neutral
it is lovely.,4,Positive
"Middle of the road, reasonable for what you pay.",3,Neutral
one star,1,Negative
it is one star.,1,Negative
waste of money,1,Negative
"Fantastic battery life, beautiful design and sturdy build.",5,Positive
she is cheap junk.,2,Negative
she is one star.,1,Negative
"Useless piece of garbage, request a refund.",1,Negative
she is as expected.,3,Neutral
it is very bad.,1,Negative
it is do not buy.,1,Negative
do not buy,1,Negative
she is worth it.,5,Positive
she is broken.,1,Negative
she is stupid.,2,Negative
"Tolerable experience, meets expectations but does not stand out. moderate quality, adequate for short-term use.",3,Neutral
she is just okay.,3,Neutral
acceptable,3,Neutral
she is cute.,4,Positive
"Average smartwatch, does the job as expected.",3,Neutral
it is terrible.,2,Negative
"The watch is okay, nothing special about it. moderate quality, adequate for short-term use.",3,Neutral
"Average performance, neither impressed nor disappointed. middle of the road, reasonable for what you pay.",3,Neutral
it is polite.,5,Positive
"It is alright, quite standard and unremarkable. tolerable experience, meets expectations but does not stand out.",3,Neutral
she is great.,5,Positive
it is great.,5,Positive
it is best purchase.,5,Positive
she is so so.,3,Neutral
"Fair quality for the price, standard features. not bad, not great either, strictly so-so.",3,Neutral
The smartwatch is acceptable for basic everyday use.,3,Neutral
wonderful,4,Positive
it is poor quality.,1,Negative
bad,2,Negative
she is sweet.,4,Positive
"Defective unit, zero stars if i could.",2,Negative
she is beautiful.,5,Positive
it is very pretty.,5,Positive
"Middle of the road, reasonable for what you pay. it works fine, ordinary build and expected performance.",3,Neutral
"Maam is pretty, smart and helpful.",5,Positive
she is ugly.,1,Negative
it is loved it.,5,Positive
highly recommend,4,Positive
it is disappointed.,2,Negative
gorgeous,4,Positive
she is love this.,5,Positive
she is loved it.,4,Positive
"Battery drains within an hour, really frustrating and annoying.",1,Negative
it is waste of money.,2,Negative
she is acceptable.,3,Neutral
it is okay.,3,Neutral
she is great.,5,Positive
"It is fine for the price, neither good nor bad.",3,Neutral
"The backpack is okay, nothing special about it. functions as advertised, nothing more nothing less.",3,Neutral
she is awful.,2,Negative
it is amazing.,4,Positive
love this,5,Positive
love this,4,Positive
"Excellent food, totally worth every penny.",5,Positive
she is best purchase.,4,Positive
"Mixed feelings, some parts are good while others are not.",3,Neutral
it is superb.,4,Positive
"Constantly crashes and full of bugs, unbearable. terrible quality, avoid at all costs.",1,Negative
"Not bad, not great either, strictly so-so. it is alright, quite standard and unremarkable.",3,Neutral
"Battery drains within an hour, really frustrating and annoying. bad quality, stopped charging after a week.",2,Negative
she is beautiful.,4,Positive
it is rude.,2,Negative
so pretty,5,Positive
"Bad design, extremely uncomfortable and noisy.",2,Negative
it is wonderful.,5,Positive
she is very good.,4,Positive
"Tolerable experience, meets expectations but does not stand out. tolerable experience, meets expectations but does not stand out.",3,Neutral
"Not bad, not great either, strictly so-so.",3,Neutral
best purchase,5,Positive
"Such a pretty, lovely and wonderful person.",4,Positive
very bad,1,Negative
waste of money,1,Negative
it is useless.,1,Negative
"Broken on arrival, return process is a nightmare.",2,Negative
she is polite.,5,Positive
it is normal.,3,Neutral
it is ok.,3,Neutral
it is bad.,1,Negative
just okay,3,Neutral
cute,5,Positive
"Looks very pretty, charming and elegant.",5,Positive
she is one star.,2,Negative
she is scam.,2,Negative
it is gorgeous.,4,Positive
it is foolish.,2,Negative
she is sweet.,5,Positive
it is ugly.,1,Negative
charming,5,Positive
lovely,4,Positive
she is very pretty.,4,Positive
it is smart.,4,Positive
it is highly recommend.,4,Positive
superb,5,Positive
she is superb.,5,Positive
she is fair.,3,Neutral
and amazing. amazing value, superb quality and super fast delivery.",5,Positive
Decent bottle but nothing impressive to write home about.,3,Neutral
"Functions as advertised, nothing more nothing less. decent camera but nothing impressive to write home about.",3,Neutral
it is poor quality.,2,Negative
"It is fine for the price, neither good nor bad. it works fine, ordinary build and expected performance.",3,Neutral
handsome,4,Positive
Decent food but nothing impressive to write home about.,3,Neutral
she is one star.,2,Negative
Decent desk but nothing impressive to write home about.,3,Neutral
normal,3,Neutral
"Average breakfast, does the job as expected. arrived on time, works exactly as described.",3,Neutral
"Not bad, not great either, strictly so-so. the phone is okay, nothing special about it.",3,Neutral
terrible,2,Negative
it is sweet.,5,Positive
"Mixed feelings, some parts are good while others are not. the laptop is acceptable for basic everyday use.",3,Neutral
"The speaker is okay, nothing special about it.",3,Neutral
"It is fine for the price, neither good nor bad.",3,Neutral
it is just okay.,3,Neutral
she is bad.,2,Negative
"Very poor build, feels like a scam. poor quality, cheaply made and not worth the price.",1,Negative
okay,3,Neutral
it is horrible.,2,Negative
hate it,2,Negative
mean,1,Negative
she is charming.,5,Positive
it is polite.,4,Positive
sweet,5,Positive
ok,3,Neutral
"Mixed feelings, some parts are good while others are not. middle of the road, reasonable for what you pay.",3,Neutral
"Tolerable experience, meets expectations but does not stand out.",3,Neutral
she is ugly.,2,Negative
ugly,1,Negative
"The phone is okay, nothing special about it. functions as advertised, nothing more nothing less.",3,Neutral
"Average jacket, does the job as expected.",3,Neutral
she is five stars.,4,Positive
scam,2,Negative
"Fair quality for the price, standard features.",3,Neutral
it is normal.,3,Neutral
she is smart.,5,Positive
she is wonderful.,5,Positive
"Completely satisfied, great value for money. great product, no complaints whatsoever.",5,Positive
it is very good.,5,Positive
she is smart.,4,Positive
she is beautiful.,5,Positive
fine,3,Neutral
cheap junk,2,Negative
cheap junk,1,Negative
she is polite.,5,Positive
it is polite.,5,Positive
it is gorgeous.,5,Positive
it is handsome.,5,Positive
"Worst game i have ever owned, total trash.",1,Negative
she is very bad.,1,Negative
she is love this.,4,Positive
it is poor quality.,2,Negative
so so,3,Neutral
she is awful.,1,Negative
it is beautiful.,4,Positive
she is decent.,3,Neutral
pretty,5,Positive
she is amazing.,5,Positive
it is highly recommend.,4,Positive
annoying,2,Negative
it is love this.,4,Positive
"Loved everything about it, solid five stars. outstanding performance, extremely smooth and reliable.",4,Positive
it is awesome.,5,Positive
trash,2,Negative
it is fair.,3,Neutral
it is cheap junk.,1,Negative
beautiful,5,Positive
she is kind.,5,Positive
"The monitor is okay, nothing special about it.",3,Neutral
it is ok.,3,Neutral
"Fair quality for the price, standard features.",3,Neutral
"Terrible quality, avoid at all costs.",1,Negative
broken,1,Negative
it is hate it.,1,Negative
poor quality,1,Negative
fair,3,Neutral
"Fair quality for the price, standard features.",3,Neutral
she is perfect.,4,Positive
she is worst.,1,Negative
"Very happy and pleased with my purchase. such a pretty, lovely and wonderful person.",4,Positive
"Average performance, neither impressed nor disappointed. middle of the road, reasonable for what you pay.",3,Neutral
"Functions as advertised, nothing more nothing less. average performance, neither impressed nor disappointed.",3,Neutral
it is fine.,3,Neutral
it is awful.,1,Negative
nice product,4,Positive
"Defective unit, zero stars if i could.",2,Negative
it is average.,3,Neutral
it is nice product.,4,Positive
she is five stars.,5,Positive
attractive,4,Positive
she is fair.,3,Neutral
"Very happy and pleased with my purchase. very easy to use, intuitive and incredibly helpful.",5,Positive
she is cheap junk.,2,Negative
"Average performance, neither impressed nor disappointed.",3,Neutral
fine,3,Neutral
cute,4,Positive
"The restaurant arrived broken and defective, total disaster.",2,Negative
love this,4,Positive
"Tolerable experience, meets expectations but does not stand out.",3,Neutral
very pretty,4,Positive
she is annoying.,2,Negative
she is trash.,1,Negative
it is perfect.,5,Positive
she is trash.,2,Negative
she is worth it.,4,Positive
it is very bad.,1,Negative
she is cute.,5,Positive
"Moderate quality, adequate for short-term use.",3,Neutral
it is fair.,3,Neutral
friendly,5,Positive
friendly,5,Positive
"Broken on arrival, return process is a nightmare.",2,Negative
"Average food, does the job as expected.",3,Neutral
"Loved everything about it, solid five stars. great product, no complaints whatsoever.",4,Positive
"Fair quality for the price, standard features.",3,Neutral
amazing.,4,Positive
worst,2,Negative
it is worth it.,5,Positive
she is friendly.,5,Positive
smart,5,Positive
disappointed,1,Negative
it is awful.,2,Negative
she is gorgeous.,5,Positive
she is so pretty.,4,Positive
it is gorgeous.,4,Positive
defective,1,Negative
she is worth it.,5,Positive
gorgeous,5,Positive
she is normal.,3,Neutral
she is disappointed.,1,Negative
she is polite.,5,Positive
charming,4,Positive
she is love this.,5,Positive
useless,2,Negative
attractive,5,Positive
she is top quality.,5,Positive
she is mean.,1,Negative
very good,5,Positive
she is good.,4,Positive
annoying,2,Negative
it is lovely.,5,Positive
she is terrible.,2,Negative
it is waste of money.,1,Negative
it is stupid.,2,Negative
wonderful,5,Positive
she is very bad.,2,Negative
best purchase,5,Positive
okay,3,Neutral
annoying,1,Negative
she is normal.,3,Neutral
"Completely satisfied, great value for money. works perfectly and the quality is great.",4,Positive
smart,5,Positive
she is worst.,1,Negative
great,4,Positive
she is broken.,2,Negative
"Mixed feelings, some parts are good while others are not. middle of the road, reasonable for what you pay.",3,Neutral
"Decent food but nothing impressive to write home about. moderate quality, adequate for short-term use.",3,Neutral
"Top notch quality and exceptional customer service. highly pleased, definitely buying again.",5,Positive
"Not bad, not great either, strictly so-so. it is alright, quite standard and unremarkable.",3,Neutral
it is waste of money.,2,Negative
she is awesome.,4,Positive
Decent monitor but nothing impressive to write home about.,3,Neutral
it is useless.,1,Negative
"It is fine for the price, neither good nor bad. functions as advertised, nothing more nothing less.",3,Neutral
it is pretty.,4,Positive
"Good quality, works well and arrived quickly. fantastic battery life, beautiful design and sturdy build.",4,Positive
cute,5,Positive
it is hate it.,2,Negative
it is mediocre.,3,Neutral
"Functions as advertised, nothing more nothing less.",3,Neutral
she is worth it.,4,Positive
she is horrible.,1,Negative
it is cute.,5,Positive
it is normal.,3,Neutral
"It is fine for the price, neither good nor bad.",3,Neutral
she is as expected.,3,Neutral
she is acceptable.,3,Neutral
it is as expected.,3,Neutral
"Average performance, neither impressed nor disappointed. arrived on time, works exactly as described.",3,Neutral
lovely,5,Positive
it is disappointed.,2,Negative
it is friendly.,4,Positive
she is awful.,1,Negative
fair,3,Neutral
she is excellent.,5,Positive
"Fair quality for the price, standard features.",3,Neutral
defective,1,Negative
it is fair.,3,Neutral
"Defective unit, zero stars if i could. useless piece of garbage, request a refund.",1,Negative
it is good.,4,Positive
she is disappointed.,1,Negative
she is horrible.,2,Negative
it is rude.,1,Negative
"Functions as advertised, nothing more nothing less.",3,Neutral
mean,2,Negative
it is superb.,4,Positive
"The monitor is acceptable for basic everyday use. functions as advertised, nothing more nothing less.",3,Neutral
she is wonderful.,4,Positive
she is fantastic.,5,Positive
ok,3,Neutral
it is highly recommend.,4,Positive
polite,5,Positive
she is disappointed.,2,Negative
so so,3,Neutral
it is beautiful.,5,Positive
not bad,3,Neutral
it is top quality.,5,Positive
it is very bad.,2,Negative
"Such a pretty, lovely and wonderful person.",5,Positive
broken,2,Negative
horrible,2,Negative
terrible,2,Negative
"Brilliant design, works like a charm. good quality, works well and arrived quickly.",5,Positive
"Functions as advertised, nothing more nothing less.",3,Neutral
it is attractive.,4,Positive
it is friendly.,4,Positive
broken,2,Negative
bad,1,Negative
it is foolish.,1,Negative
poor quality,2,Negative
"It is alright, quite standard and unremarkable. tolerable experience, meets expectations but does not stand out.",3,Neutral
she is polite.,5,Positive
she is nice product.,5,Positive
it is annoying.,2,Negative
average,3,Neutral
she is worth it.,5,Positive
she is trash.,2,Negative
it is worst.,1,Negative
waste of money,2,Negative
very good,4,Positive
"Moderate quality, adequate for short-term use. average smartwatch, does the job as expected.",3,Neutral
it is not bad.,3,Neutral
"Fair quality for the price, standard features.",3,Neutral
"Moderate quality, adequate for short-term use. functions as advertised, nothing more nothing less.",3,Neutral
it is bad.,2,Negative
"Complete waste of money, very disappointed. poor quality, cheaply made and not worth the price.",2,Negative
perfect,4,Positive
she is hate it.,2,Negative
she is very pretty.,5,Positive
"The software is okay, nothing special about it. it works fine, ordinary build and expected performance.",3,Neutral
it is awesome.,4,Positive
"Average performance, neither impressed nor disappointed. tolerable experience, meets expectations but does not stand out.",3,Neutral
she is mediocre.,3,Neutral
it is mean.,1,Negative
she is horrible.,1,Negative
"The restaurant is okay, nothing special about it.",3,Neutral
"Useless piece of garbage, request a refund. painfully slow, sluggish and completely unresponsive.",1,Negative
she is just okay.,3,Neutral
worst,2,Negative
"Fair quality for the price, standard features. mixed feelings, some parts are good while others are not.",3,Neutral
she is very pretty.,4,Positive
she is mean.,2,Negative
it is do not buy.,1,Negative
"The restaurant is acceptable for basic everyday use. it works fine, ordinary build and expected performance.",3,Neutral
she is nice product.,5,Positive
"It is fine for the price, neither good nor bad.",3,Neutral
"Middle of the road, reasonable for what you pay.",3,Neutral
decent,3,Neutral
she is smart.,5,Positive
waste of money,2,Negative
it is good.,5,Positive
she is fine.,3,Neutral
mediocre,3,Neutral
"Completely satisfied, great value for money. maam is pretty, smart and helpful.",5,Positive
it is very bad.,1,Negative
cheap junk,2,Negative
stupid,1,Negative
she is stupid.,2,Negative
trash,2,Negative
worth it,5,Positive
she is perfect.,5,Positive
she is great.,4,Positive
"Looks very pretty, charming and elegant. very easy to use, intuitive and incredibly helpful.",4,Positive
she is fine.,3,Neutral
she is average.,3,Neutral
she is foolish.,1,Negative
she is average.,3,Neutral
it is defective.,2,Negative
it is best purchase.,4,Positive
she is lovely.,5,Positive
it is good.,4,Positive
awful,2,Negative
"Cheap flimsy plastic, fell apart immediately. cheap flimsy plastic, fell apart immediately.",2,Negative
superb,5,Positive
it is handsome.,4,Positive
she is terrible.,1,Negative
"The story is acceptable for basic everyday use. it is fine for the price, neither good nor bad.",3,Neutral
"Arrived on time, works exactly as described.",3,Neutral
she is amazing.,5,Positive
"This chair exceeded all my expectations, truly wonderful. looks very pretty, charming and elegant.",4,Positive
trash,2,Negative
"Not bad, not great either, strictly so-so.",3,Neutral
"Excellent show, totally worth every penny.",5,Positive
it is very good.,4,Positive
she is acceptable.,3,Neutral
"Arrived on time, works exactly as described. moderate quality, adequate for short-term use.",3,Neutral
smart,4,Positive
it is fantastic.,4,Positive
she is trash.,2,Negative
"Moderate quality, adequate for short-term use. the shoes is okay, nothing special about it.",3,Neutral
it is fine.,3,Neutral
okay,3,Neutral
it is superb.,4,Positive
highly recommend,5,Positive
"Terrible quality, avoid at all costs.",2,Negative
it is bad.,1,Negative
she is waste of money.,1,Negative
it is wonderful.,5,Positive
it is worth it.,4,Positive
she is normal.,3,Neutral
"Decent show but nothing impressive to write home about. mixed feelings, some parts are good while others are not.",3,Neutral
it is sweet.,4,Positive
it is worth it.,5,Positive
good,4,Positive
it is ok.,3,Neutral
it is charming.,4,Positive
love this,4,Positive
she is mean.,2,Negative
fine,3,Neutral
"Moderate quality, adequate for short-term use.",3,Neutral
"Excellent monitor, totally worth every penny. fantastic battery life, beautiful design and sturdy build.",4,Positive
she is top quality.,4,Positive
she is charming.,4,Positive
just okay,3,Neutral
it is terrible.,1,Negative
it is so pretty.,5,Positive
it is cute.,5,Positive
she is average.,3,Neutral
she is annoying.,2,Negative
it is disappointed.,2,Negative
hate it,1,Negative
"Not bad, not great either, strictly so-so. decent phone but nothing impressive to write home about.",3,Neutral
"Battery drains within an hour, really frustrating and annoying.",2,Negative
polite,4,Positive
"Middle of the road, reasonable for what you pay. mixed feelings, some parts are good while others are not.",3,Neutral
it is not bad.,3,Neutral
Impressive speed and crystal clear sound.,4,Positive
she is average.,3,Neutral
she is defective.,2,Negative
"Bad design, extremely uncomfortable and noisy.",1,Negative
it is so so.,3,Neutral
it is waste of money.,1,Negative
she is hate it.,2,Negative
fair,3,Neutral
lovely,5,Positive
it is pretty.,5,Positive
"Worst headphones i have ever owned, total trash.",1,Negative
it is decent.,3,Neutral
she is poor quality.,1,Negative
"Works perfectly and the quality is great. looks very pretty, charming and elegant.",5,Positive
"Bad quality, stopped charging after a week.",1,Negative
"Middle of the road, reasonable for what you pay. the battery is acceptable for basic everyday use.",3,Neutral
"Tolerable experience, meets expectations but does not stand out. functions as advertised, nothing more nothing less.",3,Neutral
she is so pretty.,5,Positive
"Moderate quality, adequate for short-term use. tolerable experience, meets expectations but does not stand out.",3,Neutral
she is very good.,4,Positive
it is good.,5,Positive
attractive,4,Positive
it is hate it.,2,Negative
decent,3,Neutral
it is trash.,1,Negative
it is best purchase.,5,Positive
terrible,2,Negative
"Not bad, not great either, strictly so-so.",3,Neutral
hate it,2,Negative
she is gorgeous.,4,Positive
fair,3,Neutral
it is five stars.,4,Positive
stupid,1,Negative
"Bad quality, stopped charging after a week. battery drains within an hour, really frustrating and annoying.",1,Negative
"The desk is acceptable for basic everyday use. mixed feelings, some parts are good while others are not.",3,Neutral
she is very bad.,2,Negative
fair,3,Neutral
"Decent backpack but nothing impressive to write home about. it works fine, ordinary build and expected performance.",3,Neutral
loved it,5,Positive
"Horrible experience, regret buying this junk.",1,Negative
she is so so.,3,Neutral
"It is alright, quite standard and unremarkable. arrived on time, works exactly as described.",3,Neutral
